City_ID,City_ID,City,Lat,Lng,Max Temp,Humidity,Cloudiness,Wind Speed,Country,Date
0,0,Hilo,19.7297,-155.09,77.29,99,100,1.99,US,2022-05-02 02:56:33
1,1,Zhizdra,53.746,34.7395,39.45,82,95,4.88,RU,2022-05-02 02:56:33
2,2,Neuquen,-38.9516,-68.0591,51.69,66,0,0.0,AR,2022-05-02 02:56:23
3,3,Abomsa,9.9833,39.9833,70.93,44,81,6.44,ET,2022-05-02 02:56:34
4,4,Cape Town,-33.9258,18.4232,59.11,78,0,4.0,ZA,2022-05-02 02:56:34
5,5,Namibe,-15.1961,12.1522,71.82,73,36,7.14,AO,2022-05-02 02:56:34
6,6,Northam,51.0333,-4.2167,49.6,96,100,1.66,GB,2022-05-02 02:55:49
7,7,Tuatapere,-46.1333,167.6833,62.6,63,22,6.31,NZ,2022-05-02 02:55:30
8,8,Luderitz,-26.6481,15.1594,71.74,28,0,10.76,,2022-05-02 02:56:35
9,9,La Ronge,55.1001,-105.2842,34.05,64,20,6.91,CA,2022-05-02 02:56:35
10,10,Bredasdorp,-34.5322,20.0403,54.79,94,96,4.9,ZA,2022-05-02 02:54:41
11,11,Balabac,7.9868,117.0645,85.95,70,78,8.21,PH,2022-05-02 02:56:36
12,12,Okhotsk,59.3833,143.3,36.14,78,41,10.0,RU,2022-05-02 02:56:36
13,13,Upernavik,72.7868,-56.1549,-3.12,86,8,5.61,GL,2022-05-02 02:56:37
14,14,Clyde River,70.4692,-68.5914,7.03,92,100,16.11,CA,2022-05-02 02:56:37
15,15,Gazojak,41.1875,61.4036,66.9,54,100,15.43,TM,2022-05-02 02:56:37
16,16,Ushuaia,-54.8,-68.3,38.86,87,20,4.61,AR,2022-05-02 02:56:38
17,17,Lagunas,-5.2269,-75.6753,76.57,85,94,2.46,PE,2022-05-02 02:56:38
18,18,Ostrovnoy,68.0531,39.5131,17.92,91,69,7.67,RU,2022-05-02 02:56:39
19,19,Constitucion,-35.3333,-72.4167,52.16,73,2,6.62,CL,2022-05-02 02:56:39
20,20,Antofagasta,-23.65,-70.4,60.08,84,57,3.44,CL,2022-05-02 02:56:39
21,21,Tezu,27.9167,96.1667,77.04,71,97,2.1,IN,2022-05-02 02:56:40
22,22,Leningradskiy,69.3833,178.4167,19.24,80,45,8.01,RU,2022-05-02 02:55:37
23,23,Mahebourg,-20.4081,57.7,74.25,94,20,3.44,MU,2022-05-02 02:56:40
24,24,Qaanaaq,77.484,-69.3632,5.13,64,24,7.4,GL,2022-05-02 02:56:41
25,25,Luang Prabang,19.8856,102.1347,78.76,69,75,6.91,LA,2022-05-02 02:56:41
26,26,Lisakovsk,52.5369,62.4936,42.44,61,9,16.58,KZ,2022-05-02 02:56:42
27,27,Hobart,-42.8794,147.3294,69.66,50,75,19.57,AU,2022-05-02 02:56:42
28,28,Vao,-22.6667,167.4833,75.2,87,25,19.28,NC,2022-05-02 02:56:42
29,29,Mount Gambier,-37.8333,140.7667,64.31,77,75,14.97,AU,2022-05-02 02:56:43
30,30,Tiksi,71.6872,128.8694,17.08,80,34,10.27,RU,2022-05-02 02:56:43
31,31,Tuktoyaktuk,69.4541,-133.0374,39.2,70,75,10.36,CA,2022-05-02 02:54:50
32,32,Guerrero Negro,27.9769,-114.0611,60.03,86,26,14.9,MX,2022-05-02 02:56:44
33,33,Hamilton,39.1834,-84.5333,60.01,68,35,3.0,US,2022-05-02 02:55:31
34,34,Albany,42.6001,-73.9662,55.36,52,100,3.56,US,2022-05-02 02:53:14
35,35,Vikulovo,56.8167,70.6107,41.34,72,24,7.11,RU,2022-05-02 02:56:44
36,36,Rikitea,-23.1203,-134.9692,76.46,71,100,5.32,PF,2022-05-02 02:54:36
37,37,Nguruka,-5.1092,31.0419,64.04,97,100,1.19,TZ,2022-05-02 02:56:45
38,38,Aden,12.7794,45.0367,83.26,71,7,5.28,YE,2022-05-02 02:56:27
39,39,Castro,-24.7911,-50.0119,60.3,91,68,1.77,BR,2022-05-02 02:56:46
40,40,Georgetown,5.4112,100.3354,84.15,79,20,5.01,MY,2022-05-02 02:56:46
41,41,Yerbogachen,61.2767,108.0108,32.95,50,6,2.15,RU,2022-05-02 02:56:46
42,42,Toamasina,-18.1667,49.3833,71.6,94,40,0.0,MG,2022-05-02 02:56:47
43,43,Ziro,27.6333,93.8333,56.14,69,78,1.77,IN,2022-05-02 02:56:47
44,44,Saint-Francois,46.4154,3.9054,39.67,93,0,0.0,FR,2022-05-02 02:56:48
45,45,Los Llanos De Aridane,28.6585,-17.9182,66.13,41,0,12.66,ES,2022-05-02 02:55:19
46,46,Necochea,-38.5473,-58.7368,51.01,62,100,7.81,AR,2022-05-02 02:57:48
47,47,Khatanga,71.9667,102.5,23.22,83,99,14.85,RU,2022-05-02 02:57:49
48,48,Miri,4.4148,114.0089,89.74,74,40,2.3,MY,2022-05-02 02:57:49
49,49,Cherskiy,68.75,161.3,30.72,89,55,8.75,RU,2022-05-02 02:57:49
50,50,Vila Franca Do Campo,37.7167,-25.4333,65.19,91,40,3.31,PT,2022-05-02 02:57:14
51,51,Jamestown,42.097,-79.2353,54.01,97,100,8.05,US,2022-05-02 02:57:50
52,52,Padang,-0.9492,100.3543,75.25,75,93,1.63,ID,2022-05-02 02:57:50
53,53,Parakai,-36.65,174.4333,72.25,59,99,7.16,NZ,2022-05-02 02:57:51
54,54,Puerto Ayora,-0.7393,-90.3518,72.16,91,7,5.82,EC,2022-05-02 02:55:03
55,55,Busselton,-33.65,115.3333,67.87,74,83,8.61,AU,2022-05-02 02:57:51
56,56,Raymond,43.9015,-70.4703,45.09,86,34,2.93,US,2022-05-02 02:57:52
57,57,East London,-33.0153,27.9116,59.99,75,0,5.66,ZA,2022-05-02 02:54:56
58,58,Tasiilaq,65.6145,-37.6368,18.86,62,83,4.38,GL,2022-05-02 02:56:14
59,59,Yulara,-25.2406,130.9889,69.64,43,40,8.05,AU,2022-05-02 02:56:33
60,60,Saint Anthony,45.0205,-93.218,43.66,87,100,16.11,US,2022-05-02 02:57:52
61,61,Koutiala,12.3917,-5.4642,87.22,40,87,1.99,ML,2022-05-02 02:57:53
62,62,Dikson,73.5069,80.5464,16.54,91,100,12.46,RU,2022-05-02 02:57:53
63,63,Avarua,-21.2078,-159.775,82.45,74,40,5.75,CK,2022-05-02 02:54:49
64,64,San Patricio,28.017,-97.5169,78.89,85,88,15.97,US,2022-05-02 02:54:20
65,65,Sheridan,44.8333,-106.9173,48.45,63,100,1.01,US,2022-05-02 02:57:54
66,66,Airai,-8.9266,125.4092,76.14,44,91,5.73,TL,2022-05-02 02:56:02
67,67,West Bay,19.3667,-81.4167,80.67,82,0,5.75,KY,2022-05-02 02:57:54
68,68,Ahipara,-35.1667,173.1667,68.04,61,100,5.46,NZ,2022-05-02 02:57:55
69,69,Barrow,71.2906,-156.7887,21.76,93,100,13.27,US,2022-05-02 02:57:55
70,70,Iqaluit,63.7506,-68.5145,24.53,79,40,3.44,CA,2022-05-02 02:55:22
71,71,Bakchar,57.0186,82.0711,41.7,70,100,4.65,RU,2022-05-02 02:57:56
72,72,Zhangjiakou,40.81,114.8794,67.33,24,4,6.04,CN,2022-05-02 02:57:56
73,73,Fort-Shevchenko,44.5086,50.263,57.9,63,72,25.68,KZ,2022-05-02 02:57:56
74,74,Hithadhoo,-0.6,73.0833,85.14,74,100,17.63,MV,2022-05-02 02:55:03
75,75,Ambilobe,-13.2,49.05,71.65,96,32,3.06,MG,2022-05-02 02:56:37
76,76,Avera,33.194,-82.5271,71.11,77,24,6.24,US,2022-05-02 02:55:52
77,77,Tilichiki,60.4667,166.1,27.64,84,9,2.95,RU,2022-05-02 02:56:24
78,78,Mayo,38.8876,-76.5119,56.95,91,100,6.91,US,2022-05-02 02:57:40
79,79,Bowen,-20.0167,148.2333,79.2,70,46,16.51,AU,2022-05-02 02:57:57
80,80,Lompoc,34.6391,-120.4579,58.57,81,20,10.36,US,2022-05-02 02:57:15
81,81,Bambous Virieux,-20.3428,57.7575,74.21,94,20,3.44,MU,2022-05-02 02:57:58
82,82,Vila Velha,-20.3297,-40.2925,78.75,78,0,8.05,BR,2022-05-02 02:56:43
83,83,Nouadhibou,20.931,-17.0347,64.38,94,2,14.97,MR,2022-05-02 02:54:19
84,84,Kelcyre,40.3131,20.1894,55.96,91,100,4.41,AL,2022-05-02 02:57:58
85,85,Palmer,42.1584,-72.3287,54.32,55,100,4.45,US,2022-05-02 02:57:59
86,86,Punta Arenas,-53.15,-70.9167,35.71,87,0,8.05,CL,2022-05-02 02:57:59
87,87,Rawson,-43.3002,-65.1023,50.32,65,100,11.18,AR,2022-05-02 02:57:59
88,88,Poum,-20.2333,164.0167,78.78,78,22,6.6,NC,2022-05-02 02:58:00
89,89,Itaituba,-4.2761,-55.9836,73.53,99,100,0.98,BR,2022-05-02 02:56:57
90,90,Qaqortoq,60.7167,-46.0333,36.73,89,99,1.25,GL,2022-05-02 02:58:00
91,91,Chokurdakh,70.6333,147.9167,32.29,91,39,11.14,RU,2022-05-02 02:54:39
92,92,Turukhansk,65.8167,87.9833,30.15,94,60,11.16,RU,2022-05-02 02:57:40
93,93,Norman Wells,65.282,-126.8329,53.64,35,40,13.8,CA,2022-05-02 02:55:06
94,94,Severo-Kurilsk,50.6789,156.125,36.37,86,89,7.34,RU,2022-05-02 02:58:01
95,95,Srednekolymsk,67.45,153.6833,34.23,100,100,2.91,RU,2022-05-02 02:59:01
96,96,Kinangan,6.3014,125.585,83.1,74,97,6.4,PH,2022-05-02 02:59:02
97,97,Bethel,41.3712,-73.414,56.77,55,100,3.85,US,2022-05-02 02:59:02
98,98,Kapaa,22.0752,-159.319,82.38,81,100,8.01,US,2022-05-02 02:59:03
99,99,Tecoanapa,16.5167,-98.75,80.6,66,100,5.01,MX,2022-05-02 02:59:03
100,100,Turcianske Teplice,48.8623,18.8605,47.28,86,89,3.27,SK,2022-05-02 02:59:04
101,101,Rio Grande,-32.035,-52.0986,49.95,74,21,10.11,BR,2022-05-02 02:55:37
102,102,Sorland,67.667,12.6934,36.45,66,100,16.53,NO,2022-05-02 02:55:44
103,103,Kamenka,51.3223,42.7678,39.65,59,3,3.71,RU,2022-05-02 02:59:04
104,104,Olafsvik,64.8945,-23.7142,33.17,65,30,18.52,IS,2022-05-02 02:59:05
105,105,Bodo,67.28,14.405,35.64,83,75,19.57,NO,2022-05-02 02:59:05
106,106,Bluff,-46.6,168.3333,65.8,69,74,9.64,NZ,2022-05-02 02:59:05
107,107,Bilma,18.6853,12.9164,87.91,11,6,10.25,NE,2022-05-02 02:59:06
108,108,Baruun-Urt,46.6806,113.2792,67.77,23,53,13.42,MN,2022-05-02 02:59:06
109,109,Atuona,-9.8,-139.0333,78.26,82,100,14.92,PF,2022-05-02 02:59:07
110,110,Selfoss,63.9331,-20.9971,35.04,61,96,8.97,IS,2022-05-02 02:59:07
111,111,Grindavik,63.8424,-22.4338,37.87,75,0,12.66,IS,2022-05-02 02:59:08
112,112,Yellowknife,62.456,-114.3525,43.32,52,0,11.5,CA,2022-05-02 02:55:14
113,113,Port Blair,11.6667,92.75,86.04,79,75,2.3,IN,2022-05-02 02:59:08
114,114,New Norfolk,-42.7826,147.0587,69.3,57,100,1.99,AU,2022-05-02 02:54:48
115,115,Hasaki,35.7333,140.8333,63.0,53,100,9.15,JP,2022-05-02 02:59:09
116,116,Bellingham,48.7595,-122.4882,58.86,75,100,1.99,US,2022-05-02 02:59:09
117,117,Omboue,-1.5746,9.2618,77.14,90,100,5.26,GA,2022-05-02 02:59:09
118,118,Mitsamiouli,-11.3847,43.2844,80.37,71,1,13.47,KM,2022-05-02 02:58:09
119,119,Thompson,55.7435,-97.8558,24.96,86,100,13.8,CA,2022-05-02 02:59:10
120,120,Dauriya,49.9333,116.8667,67.01,29,100,15.93,RU,2022-05-02 02:59:10
121,121,Ribeira Grande,38.5167,-28.7,61.97,84,24,1.77,PT,2022-05-02 02:59:11
122,122,Contamana,-7.3333,-75.0167,79.61,67,99,2.17,PE,2022-05-02 02:59:11
123,123,Presidencia Roque Saenz Pena,-26.7852,-60.4388,59.81,97,100,4.05,AR,2022-05-02 02:55:50
124,124,Geraldton,-28.7667,114.6,72.01,40,0,9.22,AU,2022-05-02 02:54:46
125,125,Basoko,1.2391,23.616,69.04,95,94,4.03,CD,2022-05-02 02:59:12
126,126,Vanimo,-2.6741,141.3028,79.99,87,100,2.17,PG,2022-05-02 02:57:18
127,127,San Cristobal,7.7669,-72.225,73.58,95,88,3.36,VE,2022-05-02 02:59:12
128,128,Faya,18.3851,42.4509,60.91,53,98,2.89,SA,2022-05-02 02:59:13
129,129,Brae,60.3964,-1.353,46.83,88,100,13.6,GB,2022-05-02 02:59:13
130,130,Havre-Saint-Pierre,50.2334,-63.5986,37.76,75,100,3.44,CA,2022-05-02 02:59:14
131,131,Tateyama,34.9833,139.8667,62.53,61,94,7.96,JP,2022-05-02 02:59:14
132,132,Anadyr,64.75,177.4833,25.3,79,0,11.18,RU,2022-05-02 02:57:48
133,133,Hobyo,5.3505,48.5268,83.48,71,99,14.72,SO,2022-05-02 02:59:15
134,134,Kimparana,12.8347,-4.9244,87.17,41,94,4.0,ML,2022-05-02 02:59:15
135,135,Vaini,-21.2,-175.2,82.56,83,75,11.5,TO,2022-05-02 02:54:25
136,136,Kodiak,57.79,-152.4072,45.91,66,100,11.5,US,2022-05-02 02:56:17
137,137,Dalbandin,28.8947,64.4101,81.1,19,0,4.61,PK,2022-05-02 02:59:16
138,138,Darhan,49.4867,105.9228,68.43,20,17,5.23,MN,2022-05-02 03:00:22
139,139,Dingle,10.9995,122.6711,88.09,57,35,9.53,PH,2022-05-02 02:56:59
140,140,Port Elizabeth,-33.918,25.5701,54.32,88,0,1.01,ZA,2022-05-02 03:00:33
141,141,Chuguyevka,44.1653,133.8633,41.43,89,100,5.57,RU,2022-05-02 03:00:39
142,142,Roald,62.5833,6.1333,46.76,93,100,25.32,NO,2022-05-02 03:00:43
143,143,Pevek,69.7008,170.3133,21.97,73,100,8.19,RU,2022-05-02 03:00:44
144,144,Entre Rios,-11.9419,-38.0844,68.4,94,6,0.69,BR,2022-05-02 03:00:44
145,145,Sar-E Pul,35.8333,66.1667,65.39,55,99,2.71,AF,2022-05-02 03:00:45
146,146,Mataura,-46.1927,168.8643,64.47,56,23,4.79,NZ,2022-05-02 03:00:46
147,147,Cidreira,-30.1811,-50.2056,63.28,76,100,7.34,BR,2022-05-02 03:00:46
148,148,Kilindoni,-7.9139,39.6668,79.92,78,57,19.82,TZ,2022-05-02 03:00:46
149,149,Kupino,54.3663,77.2981,48.0,46,55,14.07,RU,2022-05-02 03:00:47
150,150,Gorontalo,0.5412,123.0595,88.63,65,66,3.96,ID,2022-05-02 03:00:47
151,151,Kabalo,-6.05,26.9167,69.19,97,98,0.98,CD,2022-05-02 03:00:48
152,152,Sitka,57.0531,-135.33,42.62,94,100,3.38,US,2022-05-02 03:00:48
153,153,Aksha,50.2814,113.2867,70.95,22,100,13.91,RU,2022-05-02 03:00:49
154,154,Nago,26.5881,127.9761,66.45,74,100,9.08,JP,2022-05-02 03:00:49
155,155,Port Alfred,-33.5906,26.891,59.86,81,11,5.75,ZA,2022-05-02 03:00:47
156,156,Baykit,61.67,96.37,34.99,59,100,10.42,RU,2022-05-02 03:00:50
157,157,Butaritari,3.0707,172.7902,81.61,78,81,12.71,KI,2022-05-02 02:56:05
158,158,Hermanus,-34.4187,19.2345,59.81,80,99,9.17,ZA,2022-05-02 03:00:44
159,159,Uhlirske Janovice,49.8802,15.0648,50.22,84,99,0.72,CZ,2022-05-02 03:00:50
160,160,Saldanha,-33.0117,17.9442,55.45,59,100,6.98,ZA,2022-05-02 02:56:31
161,161,Pionerskiy,54.9508,20.2275,40.75,88,8,6.4,RU,2022-05-02 03:00:51
162,162,Ocos,14.5094,-92.1933,83.75,71,97,4.5,GT,2022-05-02 03:00:51
163,163,Mar Del Plata,-38.0023,-57.5575,50.88,70,100,8.99,AR,2022-05-02 03:00:52
164,164,Ilulissat,69.2167,-51.1,17.62,67,75,3.44,GL,2022-05-02 03:00:52
165,165,Oksfjord,70.2396,22.3479,32.07,94,100,6.33,NO,2022-05-02 03:00:52
166,166,Samokov,42.3333,23.55,45.68,94,97,3.49,BG,2022-05-02 03:00:53
167,167,Liverpool,53.4106,-2.9779,52.61,90,20,5.75,GB,2022-05-02 02:59:39
168,168,Victoria,22.2855,114.1577,67.32,86,100,1.99,HK,2022-05-02 02:57:12
169,169,Katsuura,35.1333,140.3,62.62,56,88,7.29,JP,2022-05-02 03:00:54
170,170,Esperance,-33.8667,121.9,68.49,55,35,9.6,AU,2022-05-02 03:00:54
171,171,Torbay,47.6666,-52.7314,40.28,92,56,3.76,CA,2022-05-02 03:00:54
172,172,Shebunino,46.4339,141.8603,37.51,96,100,9.19,RU,2022-05-02 03:00:55
173,173,Alvorada,-12.48,-49.1247,73.65,64,47,1.45,BR,2022-05-02 03:00:55
174,174,Pangnirtung,66.1451,-65.7125,25.36,97,100,3.74,CA,2022-05-02 03:00:56
175,175,Victor Harbor,-35.5667,138.6167,69.01,66,9,1.01,AU,2022-05-02 03:00:56
176,176,Kruisfontein,-34.0033,24.7314,51.49,87,0,4.14,ZA,2022-05-02 03:00:57
177,177,Codrington,-38.2667,141.9667,67.41,53,100,11.92,AU,2022-05-02 03:00:57
178,178,Vernon,50.2581,-119.2691,59.45,44,100,3.74,CA,2022-05-02 03:00:02
179,179,Ntchisi,-13.5278,33.9149,49.42,95,0,3.65,MW,2022-05-02 03:00:58
180,180,Sibolga,1.7427,98.7792,78.53,85,100,2.55,ID,2022-05-02 03:01:58
181,181,Calama,-22.4667,-68.9333,50.54,27,1,2.44,CL,2022-05-02 03:00:05
182,182,Pisco,-13.7,-76.2167,64.02,88,83,3.06,PE,2022-05-02 03:01:59
183,183,Madison,34.7334,-86.5667,68.4,80,40,7.0,US,2022-05-02 03:00:54
184,184,Ponta Do Sol,32.6667,-17.1,64.0,78,0,4.41,PT,2022-05-02 03:01:59
185,185,Bitung,1.4451,125.1824,92.25,72,36,5.99,ID,2022-05-02 03:01:59
186,186,Nikolskoye,59.7035,30.7861,39.79,92,67,5.77,RU,2022-05-02 03:00:34
187,187,Saint-Philippe,-21.3585,55.7679,72.99,80,0,2.82,RE,2022-05-02 03:02:00
188,188,Oxelosund,58.6706,17.1015,34.18,86,0,2.3,SE,2022-05-02 03:02:01
189,189,La Paz Centro,12.34,-86.6753,81.9,74,100,2.35,NI,2022-05-02 03:02:01
190,190,Ranong,9.9658,98.6348,83.62,78,100,6.04,TH,2022-05-02 03:02:01
191,191,Lorengau,-2.0226,147.2712,84.47,71,100,4.79,PG,2022-05-02 03:02:02
192,192,Mindelo,16.8901,-24.9804,69.53,80,1,17.18,CV,2022-05-02 03:02:02
193,193,Chuy,-33.6971,-53.4616,52.39,80,33,5.88,UY,2022-05-02 03:02:03
194,194,Arraial Do Cabo,-22.9661,-42.0278,74.86,79,0,8.99,BR,2022-05-02 03:02:03
195,195,Srandakan,-7.9386,110.2506,87.13,67,96,5.64,ID,2022-05-02 03:02:04
196,196,Coquimbo,-29.9533,-71.3436,58.5,76,56,5.35,CL,2022-05-02 03:02:04
197,197,Kirkkonummi,60.1238,24.4385,40.1,87,70,7.14,FI,2022-05-02 03:02:05
198,198,Camalu,30.85,-116.0667,58.32,80,0,8.72,MX,2022-05-02 03:02:05
199,199,Gaoual,11.75,-13.2,83.98,53,91,6.11,GN,2022-05-02 03:02:05
200,200,Ucluelet,48.9329,-125.5528,50.09,85,100,7.94,CA,2022-05-02 03:00:04
201,201,Bandarbeyla,9.4942,50.8122,82.99,79,32,9.71,SO,2022-05-02 03:02:06
202,202,Souillac,-20.5167,57.5167,74.43,87,1,4.9,MU,2022-05-02 03:01:33
203,203,Marsa Matruh,31.3525,27.2453,67.15,59,100,21.92,EG,2022-05-02 03:02:06
204,204,Batagay,67.6333,134.6333,35.53,80,98,6.31,RU,2022-05-02 03:02:07
205,205,Touros,-5.1989,-35.4608,77.34,88,13,9.37,BR,2022-05-02 03:02:07
206,206,Orcopampa,-15.2661,-72.3417,48.52,56,96,1.43,PE,2022-05-02 03:02:08
207,207,Daru,-9.0763,143.2092,82.22,84,63,12.06,PG,2022-05-02 03:02:08
208,208,Ozernovskiy,51.5,156.5167,34.52,94,100,6.71,RU,2022-05-02 03:02:09
209,209,Husavik,66.0449,-17.3389,27.19,75,100,5.01,IS,2022-05-02 03:02:09
210,210,Robinson,31.4677,-97.1147,79.38,81,0,4.61,US,2022-05-02 03:02:09
211,211,Vieux-Habitants,16.0589,-61.7659,76.57,78,100,10.83,GP,2022-05-02 03:02:10
212,212,Faanui,-16.4833,-151.75,81.05,73,99,9.35,PF,2022-05-02 03:02:10
213,213,Namatanai,-3.6667,152.4333,85.5,67,16,6.8,PG,2022-05-02 03:02:11
214,214,Ketchikan,55.3422,-131.6461,44.58,93,100,6.44,US,2022-05-02 03:00:38
215,215,Newport,51.5877,-2.9984,51.26,92,100,2.95,GB,2022-05-02 03:02:03
216,216,Berlevag,70.8578,29.0864,26.6,82,99,13.4,NO,2022-05-02 03:02:11
217,217,Carahue,-38.7,-73.1667,47.28,98,38,2.53,CL,2022-05-02 03:02:12
218,218,Aklavik,68.2191,-135.0107,35.96,93,100,12.21,CA,2022-05-02 03:02:12
219,219,Bayonne,43.3333,-1.4167,56.03,82,100,9.22,FR,2022-05-02 02:57:27
220,220,Fortuna,40.5982,-124.1573,53.1,85,0,6.91,US,2022-05-02 03:02:12
221,221,Awjilah,29.1081,21.2869,72.72,48,100,15.7,LY,2022-05-02 03:02:13
222,222,Isla Mujeres,21.2311,-86.731,80.17,75,0,14.09,MX,2022-05-02 03:01:30
223,223,Pochutla,15.7432,-96.4661,81.82,64,100,4.21,MX,2022-05-02 03:02:13
224,224,Banda Aceh,5.5577,95.3222,85.89,68,97,10.76,ID,2022-05-02 03:02:14
225,225,Bairiki,1.3292,172.9752,80.73,81,90,12.44,KI,2022-05-02 03:02:14
226,226,Donskoye,45.4552,41.9741,46.53,95,100,16.73,RU,2022-05-02 03:02:15
227,227,Oktyabrskiy,54.4815,53.471,38.91,51,5,4.79,RU,2022-05-02 03:03:15
228,228,Beterou,9.1992,2.2586,76.39,79,96,4.56,BJ,2022-05-02 03:03:16
229,229,Pangody,65.85,74.4859,24.21,92,100,4.36,RU,2022-05-02 03:03:16
230,230,Ko Samui,9.5357,99.9357,84.51,73,100,10.11,TH,2022-05-02 03:03:16
231,231,Half Moon Bay,37.4636,-122.4286,62.51,76,20,25.32,US,2022-05-02 03:03:17
232,232,Katobu,-4.9408,122.5276,89.24,50,34,7.85,ID,2022-05-02 03:03:17
233,233,Iskateley,67.6803,53.1512,19.08,95,100,9.73,RU,2022-05-02 03:03:18
234,234,Lavrentiya,65.5833,-171.0,17.33,78,9,10.47,RU,2022-05-02 03:03:18
235,235,Carnarvon,-24.8667,113.6333,81.32,44,1,12.24,AU,2022-05-02 03:03:18
236,236,Vardo,70.3705,31.1107,28.44,77,100,11.83,NO,2022-05-02 03:03:19
237,237,Provideniya,64.3833,-173.3,28.33,51,15,12.53,RU,2022-05-02 03:03:19
238,238,Cartagena,10.3997,-75.5144,81.95,84,99,6.76,CO,2022-05-02 03:03:20
239,239,Talcahuano,-36.7167,-73.1167,50.68,83,0,7.18,CL,2022-05-02 03:03:20
240,240,Cap Malheureux,-19.9842,57.6142,74.46,77,4,1.99,MU,2022-05-02 03:03:20
241,241,Harper,4.375,-7.7169,80.04,83,39,5.03,LR,2022-05-02 03:03:21
242,242,Nanortalik,60.1432,-45.2371,36.43,85,100,2.04,GL,2022-05-02 03:03:21
243,243,Irbeyskoye,55.6428,95.4522,56.55,68,100,8.1,RU,2022-05-02 03:03:22
244,244,Kahului,20.8947,-156.47,73.85,92,97,7.0,US,2022-05-02 03:03:22
245,245,Bowmore,34.9421,-79.3031,67.89,92,100,1.99,US,2022-05-02 03:03:22
246,246,Labuhan,-6.8844,112.2051,85.35,75,92,7.85,ID,2022-05-02 02:58:34
247,247,Coihaique,-45.5752,-72.0662,41.97,99,100,3.67,CL,2022-05-02 03:02:00
248,248,Pundaguitan,6.3711,126.1689,81.36,78,99,5.84,PH,2022-05-02 03:03:23
249,249,Wucheng,29.6008,118.175,69.94,47,88,2.64,CN,2022-05-02 03:03:23
250,250,Puerto Escondido,15.85,-97.0667,82.63,70,88,6.24,MX,2022-05-02 03:03:24
251,251,Nishihara,26.1842,127.7558,65.68,82,75,11.5,JP,2022-05-02 03:03:24
252,252,Tiarei,-17.5333,-149.3333,82.42,73,96,5.12,PF,2022-05-02 03:03:25
253,253,Bengkulu,-3.8004,102.2655,84.15,64,100,3.02,ID,2022-05-02 03:03:25
254,254,Broken Hill,-31.95,141.4333,64.54,44,0,3.78,AU,2022-05-02 03:03:26
255,255,Taksimo,56.3444,114.8794,41.11,47,88,11.23,RU,2022-05-02 03:03:26
256,256,Gamba,-2.65,10.0,76.33,92,100,5.82,GA,2022-05-02 03:03:26
257,257,Yuzhne,46.6221,31.1013,50.16,71,34,5.12,UA,2022-05-02 03:03:27
258,258,Okha,53.5739,142.9478,33.96,95,100,7.34,RU,2022-05-02 03:03:27
259,259,Kangaatsiaq,68.3065,-53.4641,14.47,92,74,5.64,GL,2022-05-02 03:03:28
260,260,Manggar,-2.8833,108.2667,86.56,69,100,8.99,ID,2022-05-02 03:03:28
261,261,Areosa,41.7178,-8.8571,54.45,87,80,6.17,PT,2022-05-02 03:03:28
262,262,Sao Jose Da Coroa Grande,-8.8978,-35.1478,76.87,86,31,5.32,BR,2022-05-02 03:03:29
263,263,Longyearbyen,78.2186,15.6401,10.24,72,75,4.61,SJ,2022-05-02 03:02:50
264,264,Saskylakh,71.9167,114.0833,19.45,88,36,8.12,RU,2022-05-02 03:03:29
265,265,Sur,22.5667,59.5289,84.99,48,0,0.38,OM,2022-05-02 03:03:30
266,266,Fengxian,34.7039,116.5872,80.35,19,0,3.85,CN,2022-05-02 03:03:30
267,267,Kaitangata,-46.2817,169.8464,63.12,57,30,3.29,NZ,2022-05-02 03:03:26
268,268,Trofors,65.5333,13.4063,34.54,94,100,22.12,NO,2022-05-02 03:03:31
269,269,Mamallapuram,12.6264,80.1722,86.05,71,100,5.35,IN,2022-05-02 03:03:31
270,270,Ishigaki,24.3448,124.1572,68.04,82,100,25.75,JP,2022-05-02 03:03:32
271,271,Karsun,54.1994,46.9827,37.49,65,76,4.85,RU,2022-05-02 03:03:32
272,272,Maine-Soroa,13.2114,12.0241,87.87,26,28,10.2,NE,2022-05-02 03:03:32
273,273,Mackay,-21.15,149.2,82.69,74,51,17.11,AU,2022-05-02 03:00:04
274,274,Sumbe,-11.2061,13.8437,75.13,89,63,5.46,AO,2022-05-02 03:03:33
275,275,Surt,31.2089,16.5887,64.24,80,54,31.34,LY,2022-05-02 03:04:33
276,276,Pasighat,28.0667,95.3333,74.41,77,100,0.31,IN,2022-05-02 03:04:34
277,277,Pointe-Noire,-4.7761,11.8635,77.88,91,100,3.96,CG,2022-05-02 03:00:32
278,278,Yeppoon,-23.1333,150.7333,78.58,73,88,16.87,AU,2022-05-02 03:04:34
279,279,Kindu,-2.95,25.95,68.92,98,100,2.01,CD,2022-05-02 03:04:35
280,280,Auchi,7.0667,6.2667,73.98,93,94,4.88,NG,2022-05-02 03:04:35
281,281,Jimma,7.6667,36.8333,60.51,94,94,1.5,ET,2022-05-02 03:01:15
282,282,Mariinsk,56.2139,87.7472,45.27,82,100,4.5,RU,2022-05-02 03:04:36
283,283,Pandamatenga,-18.5278,25.627,61.92,67,66,10.65,BW,2022-05-02 03:04:36
284,284,Salalah,17.0151,54.0924,82.36,73,21,1.39,OM,2022-05-02 03:00:52
285,285,Xuanwu,32.069,118.8138,72.0,43,3,9.22,CN,2022-05-02 03:04:36
286,286,Boa Vista,2.8197,-60.6733,77.27,68,48,6.6,BR,2022-05-02 03:04:37
287,287,Broome,42.2506,-75.833,56.14,74,100,9.22,US,2022-05-02 03:04:37
288,288,Moron,-34.6534,-58.6198,54.97,68,15,8.16,AR,2022-05-02 03:04:38
289,289,Maniitsoq,65.4167,-52.9,24.22,82,92,6.55,GL,2022-05-02 03:02:01
290,290,Rimbey,52.6334,-114.2353,53.62,69,100,4.03,CA,2022-05-02 03:00:21
291,291,Eisenerz,47.5333,14.8833,48.07,85,98,1.59,AT,2022-05-02 03:04:38
292,292,Eureka,40.8021,-124.1637,53.37,81,20,1.01,US,2022-05-02 03:04:06
293,293,Ciudad Bolivar,8.1222,-63.5497,81.23,62,45,14.79,VE,2022-05-02 03:04:39
294,294,Merauke,-8.4667,140.3333,83.14,78,99,7.43,ID,2022-05-02 03:04:39
295,295,Kununurra,-15.7667,128.7333,91.38,33,1,12.66,AU,2022-05-02 03:04:40
296,296,Kilrush,52.6397,-9.4833,49.75,96,97,2.08,IE,2022-05-02 03:04:40
297,297,Shimoda,34.6667,138.95,62.1,70,99,6.15,JP,2022-05-02 03:04:41
298,298,Zhicheng,30.2956,111.5047,75.4,39,95,4.45,CN,2022-05-02 03:04:41
299,299,Lagoa,39.05,-27.9833,60.3,83,17,3.13,PT,2022-05-02 03:04:21
300,300,Carballo,43.213,-8.691,53.87,90,77,1.36,ES,2022-05-02 03:04:42
301,301,Northallerton,54.339,-1.4324,51.35,93,100,1.14,GB,2022-05-02 03:04:42
302,302,Comodoro Rivadavia,-45.8667,-67.5,48.9,78,87,3.76,AR,2022-05-02 03:04:42
303,303,Arrifes,37.7667,-25.7,63.23,77,75,4.61,PT,2022-05-02 03:04:43
304,304,Tsumeb,-19.2333,17.7167,61.74,50,10,7.63,,2022-05-02 03:04:43
305,305,Bannu,32.9854,70.6027,95.72,13,83,1.92,PK,2022-05-02 03:04:43
306,306,Pijijiapan,15.7011,-93.23,80.73,81,68,0.83,MX,2022-05-02 03:04:44
307,307,Concepcion,-36.827,-73.0498,49.05,85,0,4.29,CL,2022-05-02 03:04:44
308,308,Najran,17.4924,44.1277,74.39,31,32,1.54,SA,2022-05-02 03:00:40
309,309,Saint-Marc-Des-Carrieres,46.6834,-72.0491,46.22,76,0,10.87,CA,2022-05-02 03:04:45
310,310,Iberia,29.9502,-91.7507,71.96,94,20,3.44,US,2022-05-02 03:04:45
311,311,Okhtyrka,50.3104,34.8988,42.57,85,18,2.91,UA,2022-05-02 03:04:46
312,312,Turgenevo,54.8455,46.3297,38.52,68,10,6.42,RU,2022-05-02 03:04:46
313,313,Dzaoudzi,-12.7887,45.2699,82.29,74,75,20.71,YT,2022-05-02 03:04:46
314,314,Bozdar,27.1828,68.636,96.24,5,96,22.08,PK,2022-05-02 03:04:47
315,315,Nome,64.5011,-165.4064,38.16,70,5,12.75,US,2022-05-02 03:04:47
316,316,Kharan,28.5833,65.4167,82.35,17,0,1.83,PK,2022-05-02 03:04:48
317,317,Saint Helens,53.45,-2.7333,52.63,91,100,5.75,GB,2022-05-02 03:04:48
318,318,Olinda,-8.0089,-34.8553,78.1,83,17,6.67,BR,2022-05-02 03:04:49
319,319,Killybegs,54.6333,-8.45,51.39,92,98,1.92,IE,2022-05-02 03:04:49
320,320,Kysyl-Syr,63.8986,122.7617,23.22,74,100,16.6,RU,2022-05-02 03:04:49
321,321,Acari,-15.4311,-74.6158,69.3,76,46,2.19,PE,2022-05-02 03:04:50
322,322,Espumoso,-28.7247,-52.8497,61.68,95,99,4.59,BR,2022-05-02 03:05:50
323,323,Isangel,-19.55,169.2667,82.26,80,93,10.56,VU,2022-05-02 03:05:51
324,324,Benicarlo,40.4165,0.4271,61.9,82,96,4.83,ES,2022-05-02 03:05:51
325,325,Nantucket,41.2835,-70.0995,51.03,88,0,5.75,US,2022-05-02 03:01:55
326,326,Indianola,41.3581,-93.5574,49.86,73,100,10.85,US,2022-05-02 03:05:51
327,327,Shingu,33.7333,135.9833,65.37,35,100,6.62,JP,2022-05-02 03:04:08
328,328,Bourail,-21.5667,165.4833,81.54,70,41,5.5,NC,2022-05-02 03:05:52
329,329,Tutoia,-2.7619,-42.2744,77.34,89,100,6.67,BR,2022-05-02 03:05:52
330,330,Haines Junction,60.7522,-137.5108,38.53,99,98,4.54,CA,2022-05-02 03:05:53
331,331,Roma,43.2128,-75.4557,57.87,41,40,5.75,US,2022-05-02 03:05:53
332,332,Kavieng,-2.5744,150.7967,83.71,76,25,9.1,PG,2022-05-02 03:04:24
333,333,Changli,39.7042,119.1506,64.49,22,2,7.45,CN,2022-05-02 03:05:54
334,334,Clemencia,10.5665,-75.325,81.23,84,100,5.66,CO,2022-05-02 03:05:54
335,335,Murgab,37.4966,61.9714,69.67,50,100,14.94,TM,2022-05-02 03:05:54
336,336,Lewisporte,49.2499,-55.0482,33.55,98,100,7.63,CA,2022-05-02 03:05:55
337,337,Ushtobe,45.2514,77.9838,79.11,27,100,8.41,KZ,2022-05-02 03:05:55
338,338,Walvis Bay,-22.9575,14.5053,60.67,72,0,2.8,,2022-05-02 03:05:56
339,339,Margate,51.3813,1.3862,51.31,76,100,1.01,GB,2022-05-02 03:05:56
340,340,Lebu,-37.6167,-73.65,51.58,92,1,14.18,CL,2022-05-02 03:05:56
341,341,Mwense,-10.3845,28.698,62.26,72,49,5.82,ZM,2022-05-02 03:05:57
342,342,Sindou,10.6667,-5.1667,79.86,63,36,1.63,BF,2022-05-02 03:05:57
343,343,Izhma,65.0083,53.9113,25.27,86,73,5.77,RU,2022-05-02 03:05:58
344,344,Saint-Georges,12.0564,-61.7485,78.94,78,29,15.43,GD,2022-05-02 03:05:58
345,345,Port Lincoln,-34.7333,135.8667,66.99,58,0,8.72,AU,2022-05-02 03:05:59
346,346,Aykhal,66.0,111.5,23.83,83,57,17.87,RU,2022-05-02 03:05:59
347,347,Manerbio,45.3558,10.1352,56.14,85,75,2.3,IT,2022-05-02 03:05:59
348,348,Aquiraz,-3.9014,-38.3911,78.89,89,91,8.55,BR,2022-05-02 03:06:00
349,349,Meulaboh,4.1363,96.1285,82.22,75,100,1.72,ID,2022-05-02 03:06:00
350,350,Chegdomyn,51.1167,133.0167,48.25,47,99,1.25,RU,2022-05-02 03:06:01
351,351,Takoradi,4.8845,-1.7554,79.43,86,94,6.69,GH,2022-05-02 03:01:27
352,352,Rosarito,32.3333,-117.0333,60.48,76,52,6.04,MX,2022-05-02 03:06:01
353,353,Zaraza,9.3503,-65.3245,79.57,65,71,6.08,VE,2022-05-02 03:06:02
354,354,San Quintin,30.4833,-115.95,58.5,81,0,12.21,MX,2022-05-02 03:06:02
355,355,Aloleng,16.1307,119.7824,88.02,58,89,2.55,PH,2022-05-02 03:06:02
356,356,Santa Maria Da Vitoria,-13.3947,-44.1886,75.7,58,84,4.52,BR,2022-05-02 03:06:03
357,357,Ust-Kuyga,70.0167,135.6,21.87,79,100,8.52,RU,2022-05-02 03:06:03
358,358,Buala,-8.145,159.5921,84.31,71,82,4.07,SB,2022-05-02 03:06:02
359,359,Birin,26.8865,88.0718,67.33,64,17,4.54,NP,2022-05-02 03:06:04
360,360,Port Augusta,-32.5,137.7667,71.35,33,0,5.79,AU,2022-05-02 03:06:04
361,361,Otjimbingwe,-22.35,16.1333,63.97,42,0,7.56,,2022-05-02 03:06:05
362,362,Kanadey,53.1679,47.5264,39.36,57,4,2.62,RU,2022-05-02 03:06:05
363,363,Diffa,13.3154,12.6113,86.9,27,23,7.16,NE,2022-05-02 03:06:06
364,364,Beroroha,-21.6667,45.1667,63.27,84,0,3.2,MG,2022-05-02 03:06:06
365,365,Kawalu,-7.3817,108.2082,82.63,74,97,3.27,ID,2022-05-02 03:06:07
366,366,Malanje,-9.5402,16.341,57.54,81,17,3.65,AO,2022-05-02 03:06:07
367,367,Kumluca,36.3703,30.2869,66.11,73,54,1.1,TR,2022-05-02 03:06:07
368,368,Bristol,41.8334,-71.1662,53.11,69,94,3.0,US,2022-05-02 03:01:43
369,369,Wainwright,52.839,-110.8572,48.09,61,100,14.97,CA,2022-05-02 03:06:08
370,370,Acajutla,13.5928,-89.8275,82.45,75,96,3.22,SV,2022-05-02 03:07:08
371,371,Jalu,29.0331,21.5482,74.16,46,98,23.53,LY,2022-05-02 03:05:08
372,372,Salym,60.0625,71.4789,41.04,51,88,3.56,RU,2022-05-02 03:07:09
373,373,Narsaq,60.9167,-46.05,41.22,80,99,3.44,GL,2022-05-02 03:07:09
374,374,Qazigund,33.6333,75.15,68.07,47,0,3.11,IN,2022-05-02 03:07:10
375,375,Slidell,30.2752,-89.7812,78.01,81,0,5.99,US,2022-05-02 03:07:10
376,376,Illapel,-31.6308,-71.1653,58.41,67,100,2.89,CL,2022-05-02 03:07:11
377,377,Makakilo City,21.3469,-158.0858,79.12,62,20,19.57,US,2022-05-02 03:07:11
378,378,Chernogorsk,53.8236,91.2842,66.52,27,99,6.71,RU,2022-05-02 03:07:12
379,379,Douglas,41.3,-96.167,52.9,72,0,8.05,US,2022-05-02 03:07:12
380,380,Pokhara,28.2333,83.9833,76.51,45,57,3.98,NP,2022-05-02 03:07:12
381,381,Ola,59.5833,151.2833,44.15,88,65,7.72,RU,2022-05-02 03:07:13
382,382,Terrell,32.736,-96.2753,77.5,68,0,6.91,US,2022-05-02 03:07:13
383,383,Karpathos,35.507,27.2132,62.56,82,81,12.66,GR,2022-05-02 03:07:14
384,384,Lata,40.1629,-8.3327,56.07,89,76,4.09,PT,2022-05-02 03:07:14
385,385,Christchurch,-43.5333,172.6333,75.33,55,0,5.75,NZ,2022-05-02 03:04:10
386,386,Kapit,2.0167,112.9333,89.44,61,88,2.26,MY,2022-05-02 03:06:12
387,387,Kazachinskoye,57.6953,93.2761,38.8,81,100,16.02,RU,2022-05-02 03:07:15
388,388,Novyy Urgal,51.0736,132.5642,48.94,42,100,2.77,RU,2022-05-02 03:07:15
389,389,Saint-Augustin,51.226,-58.6502,32.43,86,100,19.93,CA,2022-05-02 03:07:15
390,390,Shitanjing,39.2342,106.3439,62.33,11,4,16.84,CN,2022-05-02 03:05:16
391,391,Tiebissou,7.1574,-5.2257,77.04,95,92,3.6,CI,2022-05-02 03:07:16
392,392,Atambua,-9.1061,124.8925,86.16,50,98,3.58,ID,2022-05-02 03:07:16
393,393,Krasnoselkup,65.7,82.4667,28.35,86,70,7.16,RU,2022-05-02 03:07:17
394,394,Praia,14.9215,-23.5087,70.34,78,20,14.97,CV,2022-05-02 03:07:17
395,395,Paita,-5.0892,-81.1144,68.25,83,49,11.61,PE,2022-05-02 03:07:18
396,396,Korla,41.7597,86.1469,67.06,20,10,9.82,CN,2022-05-02 03:07:18
397,397,Lokoja,7.8024,6.743,76.37,84,94,4.68,NG,2022-05-02 03:07:19
398,398,Atar,20.5169,-13.0499,80.08,15,0,10.56,MR,2022-05-02 03:07:19
399,399,Russell,32.3502,-85.1999,71.2,93,0,0.0,US,2022-05-02 03:07:20
400,400,Kolga,59.4867,25.6192,33.67,91,41,6.02,EE,2022-05-02 03:07:20
401,401,Usinsk,65.9939,57.5281,24.13,90,99,14.09,RU,2022-05-02 03:07:21
402,402,Ulaanbaatar,47.9077,106.8832,64.53,14,0,8.95,MN,2022-05-02 03:07:21
403,403,Haimen,23.1935,116.6142,62.49,89,100,12.68,CN,2022-05-02 03:07:23
404,404,Felanitx,39.4696,3.1483,57.96,90,12,3.04,ES,2022-05-02 03:07:24
405,405,Agadez,19.75,10.25,82.08,12,8,12.03,NE,2022-05-02 03:07:24
406,406,Natal,-5.795,-35.2094,77.22,100,75,6.91,BR,2022-05-02 03:07:25
407,407,Nogliki,51.8333,143.1667,31.71,98,91,7.63,RU,2022-05-02 03:07:25
408,408,Bima,-8.4667,118.7167,89.53,61,67,5.57,ID,2022-05-02 03:07:26
409,409,Eenhana,-17.4667,16.3333,60.48,58,3,6.06,,2022-05-02 03:07:27
410,410,Juneau,58.3019,-134.4197,48.22,95,100,4.09,US,2022-05-02 03:07:27
411,411,Kibala,9.1104,18.3463,81.5,56,100,8.1,TD,2022-05-02 03:07:28
412,412,Puerto Baquerizo Moreno,-0.9,-89.6,72.07,89,7,7.58,EC,2022-05-02 03:03:20
413,413,Veraval,20.9,70.3667,84.96,75,0,8.9,IN,2022-05-02 03:07:28
414,414,Mendi,-6.1761,143.6513,65.34,88,62,2.55,PG,2022-05-02 03:07:29
415,415,Yola,9.2,12.4833,84.47,57,100,5.01,NG,2022-05-02 03:08:29
416,416,Zhigansk,66.7697,123.3711,21.63,76,100,22.62,RU,2022-05-02 03:04:38
417,417,Cabo Rojo,18.0866,-67.1457,78.67,85,100,1.99,PR,2022-05-02 03:08:30
418,418,Fayaoue,-20.65,166.5333,78.71,84,30,11.1,NC,2022-05-02 03:08:30
419,419,Khonsa,27.0167,95.5667,70.09,76,89,0.94,IN,2022-05-02 03:08:31
420,420,Capaci,38.1711,13.2393,59.25,61,0,5.01,IT,2022-05-02 03:08:31
421,421,Saint George,37.1041,-113.5841,66.79,29,0,20.71,US,2022-05-02 03:06:49
422,422,Sao Filipe,14.8961,-24.4956,72.95,74,1,7.99,CV,2022-05-02 03:08:32
423,423,Mucurapo,10.6667,-61.5333,80.26,82,81,7.87,TT,2022-05-02 03:08:32
424,424,Rundu,-17.9333,19.7667,62.11,51,63,5.57,,2022-05-02 03:08:32
425,425,Kurchum,48.5722,83.6542,68.34,22,100,4.88,KZ,2022-05-02 03:08:33
426,426,Hualmay,-11.0964,-77.6139,65.7,84,97,5.53,PE,2022-05-02 03:08:33
427,427,Viedma,-40.8135,-62.9967,49.86,72,100,6.38,AR,2022-05-02 03:08:34
428,428,Zarubino,42.63,131.0922,48.74,54,40,1.95,RU,2022-05-02 03:08:34
429,429,Puri,19.8,85.85,84.72,81,97,14.23,IN,2022-05-02 03:08:35
430,430,Te Anau,-45.4167,167.7167,60.4,60,22,5.44,NZ,2022-05-02 03:08:35
431,431,Nelson Bay,-32.7167,152.15,73.0,61,7,6.73,AU,2022-05-02 03:08:35
432,432,Burnie,-41.0667,145.9167,62.92,82,100,12.91,AU,2022-05-02 03:06:36
433,433,Dhidhdhoo,6.8833,73.1,85.66,75,72,17.22,MV,2022-05-02 03:06:27
434,434,Phuntsholing,26.8516,89.3884,80.26,66,55,3.85,BT,2022-05-02 03:08:36
435,435,Caravelas,-17.7125,-39.2481,72.93,87,1,2.82,BR,2022-05-02 03:08:36
436,436,Bonthe,7.5264,-12.505,80.44,85,58,3.67,SL,2022-05-02 03:08:37
437,437,Naze,28.3667,129.4833,65.32,56,100,10.0,JP,2022-05-02 03:08:37
438,438,Upington,-28.4478,21.2561,59.29,25,0,8.79,ZA,2022-05-02 03:08:38
439,439,Sedan,49.6667,5.0,48.72,83,100,4.85,FR,2022-05-02 03:08:38
440,440,Dettingen,48.2625,9.7216,41.29,93,8,1.14,DE,2022-05-02 03:08:38
441,441,Kieta,-6.2167,155.6333,83.97,75,100,4.5,PG,2022-05-02 03:05:41
442,442,Bella Union,-30.2752,-57.6007,57.88,79,78,8.81,UY,2022-05-02 03:08:39
443,443,Kushiro,42.975,144.3747,50.95,76,40,11.5,JP,2022-05-02 03:08:39
444,444,Asyut,27.181,31.1837,74.07,26,45,4.5,EG,2022-05-02 03:08:40
445,445,Boquira,-12.8231,-42.7306,67.66,71,17,4.34,BR,2022-05-02 03:08:40
446,446,Diamantino,-14.4086,-56.4461,73.02,60,31,5.01,BR,2022-05-02 03:08:41
447,447,Cehegin,38.0924,-1.7985,60.73,69,81,3.91,ES,2022-05-02 03:08:41
448,448,Hofn,64.2539,-15.2082,32.67,76,100,8.32,IS,2022-05-02 03:08:41
449,449,Teguldet,57.3064,88.1667,41.09,92,100,7.4,RU,2022-05-02 03:08:42
450,450,Belmonte,-15.8631,-38.8828,74.98,81,0,2.33,BR,2022-05-02 03:08:42
451,451,Antalaha,-14.9003,50.2788,73.67,90,18,5.95,MG,2022-05-02 03:08:43
452,452,Dunedin,-45.8742,170.5036,63.09,61,7,3.98,NZ,2022-05-02 03:07:46
453,453,Benemerito De Las Americas,16.5167,-90.6439,75.47,85,76,2.46,MX,2022-05-02 03:08:43
454,454,Smithers,54.7804,-127.1743,48.52,66,100,4.61,CA,2022-05-02 03:08:44
455,455,Brownsville,25.9018,-97.4975,79.09,86,40,10.0,US,2022-05-02 03:08:44
456,456,Grants Pass,42.439,-123.3284,71.11,48,0,4.61,US,2022-05-02 03:03:51
457,457,Baft,29.234,56.6057,58.68,25,0,11.16,IR,2022-05-02 03:08:45
458,458,Beringovskiy,63.05,179.3167,21.34,75,31,13.51,RU,2022-05-02 03:08:45
459,459,Palaia Fokaia,37.72,23.9463,64.09,67,100,23.29,GR,2022-05-02 03:08:45
460,460,Paamiut,61.994,-49.6678,30.81,91,86,6.73,GL,2022-05-02 03:09:46
461,461,Tura,25.5198,90.2201,80.42,69,93,4.56,IN,2022-05-02 03:09:46
462,462,Gawler,-34.6,138.7333,73.26,58,1,5.64,AU,2022-05-02 03:09:47
463,463,Ancud,-41.8697,-73.8203,48.63,93,6,4.25,CL,2022-05-02 03:05:45
464,464,Horsham,51.064,-0.3272,49.44,90,40,1.14,GB,2022-05-02 03:09:47
465,465,Yelan,50.949,43.7378,39.67,61,5,4.43,RU,2022-05-02 03:09:48
466,466,Gladstone,-23.85,151.25,78.78,57,100,17.27,AU,2022-05-02 03:09:48
467,467,Lazaro Cardenas,17.9583,-102.2,76.12,69,40,4.47,MX,2022-05-02 03:05:24
468,468,Adrar,20.5022,-10.0711,75.09,18,0,11.18,MR,2022-05-02 03:09:49
469,469,Ojinaga,29.5667,-104.4167,83.41,50,0,14.97,MX,2022-05-02 03:08:23
470,470,Mao,39.8885,4.2658,57.76,94,0,2.3,ES,2022-05-02 03:09:49
471,471,Tual,-5.6667,132.75,83.17,76,49,16.42,ID,2022-05-02 03:09:50
472,472,Sungaipenuh,-2.0833,101.3833,75.11,69,100,2.15,ID,2022-05-02 03:09:50
473,473,Tres Lagoas,-20.7511,-51.6783,73.33,48,67,3.74,BR,2022-05-02 03:07:47
474,474,Laredo,27.5064,-99.5075,80.89,74,100,23.02,US,2022-05-02 03:09:23
475,475,Cayenne,4.9333,-52.3333,81.09,1,73,4.0,GF,2022-05-02 03:09:51
476,476,Kalat,29.0225,66.5916,68.18,22,75,2.95,PK,2022-05-02 03:09:51
477,477,Hounde,11.5,-3.5167,84.69,47,66,3.91,BF,2022-05-02 03:09:52
478,478,Tahe,52.3333,124.7333,43.41,83,100,5.53,CN,2022-05-02 03:09:52
479,479,Upata,8.0086,-62.3989,76.19,81,65,7.94,VE,2022-05-02 03:09:52
480,480,Catabola,-12.15,17.2833,54.27,77,9,3.22,AO,2022-05-02 03:09:53
481,481,Talnakh,69.4865,88.3972,22.21,87,100,9.93,RU,2022-05-02 03:09:53
482,482,Salcedo,12.8105,121.4674,85.3,68,100,8.25,PH,2022-05-02 03:09:54
483,483,Kloulklubed,7.0419,134.2556,82.9,77,99,13.31,PW,2022-05-02 03:09:54
484,484,Tabou,4.423,-7.3528,80.08,83,57,4.9,CI,2022-05-02 03:09:55
485,485,Playa Vicente,17.8333,-95.8167,83.95,67,63,6.6,MX,2022-05-02 03:09:55
486,486,Port Hardy,50.6996,-127.4199,50.18,81,100,4.61,CA,2022-05-02 03:06:16
487,487,Klaksvik,62.2266,-6.589,38.32,70,50,20.92,FO,2022-05-02 03:06:24
488,488,Zaykovo,57.5613,62.7568,35.6,59,11,11.68,RU,2022-05-02 03:09:56
489,489,Zyryanka,65.75,150.85,34.11,98,77,8.16,RU,2022-05-02 03:09:56
490,490,Platteville,42.7342,-90.4785,48.13,93,100,17.27,US,2022-05-02 03:09:56
491,491,Fukue,32.6881,128.8419,70.16,43,40,6.91,JP,2022-05-02 03:09:57
492,492,Rudbar,30.15,62.6,80.37,31,0,13.24,AF,2022-05-02 03:09:57
493,493,Chara,56.9064,118.2631,37.89,47,52,11.41,RU,2022-05-02 03:09:58
494,494,Vitim,59.4511,112.5578,31.84,53,100,8.52,RU,2022-05-02 03:09:58
495,495,Bonavista,48.6499,-53.1147,36.99,96,100,1.1,CA,2022-05-02 03:09:58
496,496,Jinotega,13.0917,-86.0018,70.86,75,100,3.53,NI,2022-05-02 03:09:59
497,497,Abbeville,50.1,1.8333,49.5,92,100,5.26,FR,2022-05-02 03:09:59
498,498,Chicama,-7.8447,-79.1469,63.14,85,89,6.26,PE,2022-05-02 03:10:00
499,499,Botwood,49.1499,-55.3482,32.9,98,100,8.97,CA,2022-05-02 03:06:13
500,500,Garowe,8.4054,48.4845,78.42,68,87,10.71,SO,2022-05-02 03:10:00
501,501,Conceicao Do Rio Verde,-21.8808,-45.0853,60.58,89,15,1.74,BR,2022-05-02 03:10:01
502,502,Wewak,-3.5534,143.6268,80.35,84,98,3.2,PG,2022-05-02 03:10:01
503,503,Fianarantsoa,-21.4333,47.0833,51.93,87,1,1.57,MG,2022-05-02 03:10:02
504,504,Luau,-10.7073,22.2247,59.05,66,96,4.27,AO,2022-05-02 03:10:02
505,505,Tanout,14.9709,8.8879,82.54,13,35,10.83,NE,2022-05-02 03:08:11
506,506,Port-Cartier,50.0334,-66.8654,33.3,90,5,6.93,CA,2022-05-02 03:11:03
507,507,Rincon,32.296,-81.2354,73.85,94,75,3.44,US,2022-05-02 03:11:03
508,508,Flinders,-34.5833,150.8552,76.17,64,0,7.0,AU,2022-05-02 03:11:04
509,509,Gamboula,4.1178,15.1393,68.36,79,59,2.1,CF,2022-05-02 03:11:04
510,510,Medea,36.2642,2.7539,52.66,61,22,3.06,DZ,2022-05-02 03:11:05
511,511,Olonets,60.9847,32.9698,33.62,96,71,5.41,RU,2022-05-02 03:11:05
512,512,Nanchong,30.7951,106.0847,63.52,63,100,3.85,CN,2022-05-02 03:11:06
513,513,Yurimaguas,-5.9,-76.0833,75.49,85,50,1.01,PE,2022-05-02 03:11:06
514,514,Arlit,18.7369,7.3853,81.16,12,8,10.11,NE,2022-05-02 03:07:48
515,515,Lat Yao,15.751,99.7893,84.97,58,98,8.01,TH,2022-05-02 03:11:06
516,516,Gillingham,51.3891,0.5486,50.04,79,100,1.01,GB,2022-05-02 03:11:07
517,517,Asuncion,-25.3007,-57.6359,69.24,94,100,4.61,PY,2022-05-02 03:10:05
518,518,Hay River,60.8156,-115.7999,39.25,79,45,9.4,CA,2022-05-02 03:11:07
519,519,Ayan,56.45,138.1667,30.49,90,99,2.42,RU,2022-05-02 03:11:08
520,520,Gandorhun,7.5,-11.8333,77.72,89,79,1.1,SL,2022-05-02 03:11:08
521,521,Tabora,-5.0167,32.8,61.02,94,98,3.87,TZ,2022-05-02 03:11:09
522,522,Waingapu,-9.6567,120.2641,86.88,64,33,15.55,ID,2022-05-02 03:11:09
523,523,Maceio,-9.6658,-35.7353,74.64,94,0,2.3,BR,2022-05-02 03:08:04
524,524,La Rioja,42.25,-2.5,38.98,89,100,3.09,ES,2022-05-02 03:11:10
525,525,Asau,46.4333,26.4,38.32,72,99,1.74,RO,2022-05-02 03:10:40
526,526,Verkhnevilyuysk,63.4453,120.3167,28.18,52,100,14.67,RU,2022-05-02 03:11:10
527,527,Redlands,34.0556,-117.1825,70.3,66,0,9.22,US,2022-05-02 03:09:20
528,528,Doha,25.2867,51.5333,80.58,78,0,2.3,QA,2022-05-02 03:08:16
529,529,Mandalgovi,45.7625,106.2708,64.87,14,68,7.47,MN,2022-05-02 03:11:11
530,530,Malaya Purga,56.5567,53.0043,38.5,62,30,9.71,RU,2022-05-02 03:11:12
531,531,Trelew,-43.249,-65.3051,49.71,63,100,10.45,AR,2022-05-02 03:10:25
532,532,General Pico,-35.6566,-63.7568,46.04,69,1,7.05,AR,2022-05-02 03:11:12
533,533,Cairns,-16.9167,145.7667,84.11,72,100,14.97,AU,2022-05-02 03:11:12
534,534,Mount Isa,-20.7333,139.5,83.97,39,75,9.22,AU,2022-05-02 03:11:13
535,535,Yazykovo,55.2199,56.1353,37.08,51,6,6.89,RU,2022-05-02 03:11:13
536,536,Inyonga,-6.7167,32.0667,61.09,97,87,4.81,TZ,2022-05-02 03:11:14
537,537,Ryabovo,59.4,31.1333,35.2,93,85,5.75,RU,2022-05-02 03:11:14
538,538,Hambantota,6.1241,81.1185,84.65,73,69,16.13,LK,2022-05-02 03:11:15
539,539,Beloha,-25.1667,45.05,64.69,83,2,3.96,MG,2022-05-02 03:11:15
540,540,Maxixe,-23.8597,35.3472,66.83,86,33,8.52,MZ,2022-05-02 03:11:16
541,541,Watrous,51.6668,-105.4679,41.65,64,100,10.04,CA,2022-05-02 03:11:16
542,542,Vredendal,-31.6683,18.5012,66.88,25,0,7.99,ZA,2022-05-02 03:11:16
543,543,High Prairie,55.4334,-116.4858,36.36,97,100,9.04,CA,2022-05-02 03:11:17
544,544,Asfi,32.2994,-9.2372,60.48,89,0,12.19,MA,2022-05-02 03:11:17
545,545,Evensk,61.95,159.2333,32.18,77,33,5.35,RU,2022-05-02 03:11:18
546,546,Havoysund,70.9963,24.6622,28.63,87,100,28.54,NO,2022-05-02 03:11:18
547,547,Dubti,11.7361,41.0853,84.76,49,11,5.01,ET,2022-05-02 03:11:19
548,548,Camocim,-2.9022,-40.8411,75.96,90,100,9.44,BR,2022-05-02 03:11:19
549,549,Lokosovo,61.1333,74.8167,35.1,68,100,0.49,RU,2022-05-02 03:07:48
550,550,Monrovia,6.3005,-10.7969,80.62,83,100,6.31,LR,2022-05-02 03:11:53
551,551,Rancho Veloz,22.8806,-80.3917,75.09,81,0,13.8,CU,2022-05-02 03:12:20
552,552,Znamenskoye,57.1281,73.8282,38.93,75,86,5.37,RU,2022-05-02 03:12:20
553,553,Kirakira,-10.4544,161.9205,83.1,76,100,8.81,SB,2022-05-02 03:12:21
554,554,Kiruna,67.8557,20.2251,34.72,80,100,16.11,SE,2022-05-02 03:12:21
555,555,Sofiyivka,48.0493,33.8746,44.98,77,22,3.71,UA,2022-05-02 03:12:22
556,556,Soyaux,45.65,0.2,51.67,75,0,5.75,FR,2022-05-02 03:12:22
557,557,Vila,42.0304,-8.1588,45.48,89,87,3.13,PT,2022-05-02 03:12:23
558,558,Puerto Concordia,2.6221,-72.7572,71.49,97,65,1.59,CO,2022-05-02 03:12:23
559,559,Laguna,38.421,-121.4238,75.38,36,0,6.91,US,2022-05-02 03:07:59
560,560,Jawhar,2.7809,45.5005,77.05,86,100,7.49,SO,2022-05-02 03:12:24
561,561,Kuminskiy,58.6667,66.5667,32.29,88,100,12.53,RU,2022-05-02 03:12:24
562,562,Grand Gaube,-20.0064,57.6608,74.37,77,5,1.99,MU,2022-05-02 03:12:24
563,563,Acarau,-2.8856,-40.12,78.53,85,87,10.58,BR,2022-05-02 03:12:25
564,564,Olden,61.8364,6.8064,45.34,94,100,7.0,NO,2022-05-02 03:12:25
565,565,Noumea,-22.2763,166.4572,84.18,99,35,12.97,NC,2022-05-02 03:11:57
566,566,Ulladulla,-35.35,150.4667,70.0,49,0,6.82,AU,2022-05-02 03:12:26
567,567,Wasilla,61.5814,-149.4394,53.58,37,0,13.8,US,2022-05-02 03:08:02
568,568,High Level,58.5169,-117.136,42.55,85,75,5.64,CA,2022-05-02 03:10:06
569,569,Grand-Santi,4.25,-54.3833,70.93,99,32,2.33,GF,2022-05-02 03:12:26
570,570,Cabo San Lucas,22.8909,-109.9124,75.18,62,14,8.01,MX,2022-05-02 03:12:27
571,571,Gat,31.61,34.7642,63.28,89,77,3.15,IL,2022-05-02 03:12:27
572,572,Nizwa,22.9333,57.5333,83.32,21,0,2.39,OM,2022-05-02 03:12:28
573,573,Altay,47.8667,88.1167,65.59,26,97,8.61,CN,2022-05-02 03:12:28
574,574,Pombas,17.1503,-25.0201,67.78,81,23,11.45,CV,2022-05-02 03:12:28
575,575,Provost,52.3501,-110.2683,50.05,53,100,12.41,CA,2022-05-02 03:12:29
576,576,Varhaug,58.6147,5.6457,43.9,76,20,6.76,NO,2022-05-02 03:11:44
577,577,Port Hedland,-20.3167,118.5667,84.25,48,94,11.5,AU,2022-05-02 03:12:29
578,578,Shache,38.4167,77.2406,70.14,14,5,9.44,CN,2022-05-02 03:12:30
579,579,Neiafu,-18.65,-173.9833,84.88,84,75,6.91,TO,2022-05-02 03:12:30
580,580,Buraydah,26.326,43.975,74.43,17,0,7.83,SA,2022-05-02 03:12:31
581,581,Poso,-1.3959,120.7524,87.57,65,27,4.18,ID,2022-05-02 03:12:31
582,582,Lakes Entrance,-37.8811,147.981,72.16,49,65,2.64,AU,2022-05-02 03:12:32
583,583,Pingliang,35.5392,106.6861,62.01,16,0,9.04,CN,2022-05-02 03:12:32
584,584,Lasa,46.6166,10.7002,43.36,90,43,3.4,IT,2022-05-02 03:12:32
585,585,Baracatan,6.9675,125.4158,79.36,82,99,3.53,PH,2022-05-02 03:12:33
586,586,Xining,36.6167,101.7667,45.14,40,0,3.8,CN,2022-05-02 03:12:33
587,587,Westport,41.1415,-73.3579,57.61,62,40,0.0,US,2022-05-02 03:11:43
588,588,Launceston,-41.45,147.1667,66.15,68,100,17.27,AU,2022-05-02 03:12:34
589,589,Road Town,18.4167,-64.6167,78.89,84,100,18.12,VG,2022-05-02 03:12:34
590,590,Nyaunglebin,17.95,96.7333,90.39,50,43,5.91,MM,2022-05-02 03:12:34
591,591,Santa Maria,-29.6842,-53.8069,56.28,96,98,4.83,BR,2022-05-02 03:11:54
592,592,San Julian,21.0167,-102.1667,70.23,15,0,11.72,MX,2022-05-02 03:12:35
593,593,Fort Nelson,58.8053,-122.7002,39.99,95,100,7.87,CA,2022-05-02 03:12:35
594,594,Tefe,-3.3542,-64.7114,73.72,99,100,0.45,BR,2022-05-02 03:12:36
595,595,Agirish,61.9247,63.0231,30.87,72,27,7.56,RU,2022-05-02 03:12:36
596,596,Keetmanshoop,-26.5833,18.1333,56.39,25,0,6.53,,2022-05-02 03:12:37
597,597,Nemuro,43.3236,145.575,41.72,97,100,22.48,JP,2022-05-02 03:12:37
598,598,Lloydminster,53.2835,-110.0016,46.17,58,100,14.56,CA,2022-05-02 03:12:38
599,599,Dicabisagan,17.0818,122.4157,86.49,64,93,7.65,PH,2022-05-02 03:13:38
600,600,Invergordon,57.6886,-4.1675,50.09,87,82,3.53,GB,2022-05-02 03:13:38
601,601,Sola,-13.8833,167.55,81.54,72,100,5.1,VU,2022-05-02 03:13:39
602,602,Leninsk,48.7119,45.1994,44.89,53,100,9.66,RU,2022-05-02 03:13:39
603,603,Santa Rosa,14.3122,121.1114,91.38,63,97,10.09,PH,2022-05-02 03:12:08
604,604,Bangangte,5.1409,10.5198,62.82,96,100,2.95,CM,2022-05-02 03:13:40
605,605,Maningrida,-12.0667,134.2667,90.12,45,94,10.33,AU,2022-05-02 03:13:40
606,606,Jardim,-21.4803,-56.1381,74.05,55,65,2.21,BR,2022-05-02 03:09:17
607,607,Ayna,-12.65,-73.9167,60.85,86,71,1.16,PE,2022-05-02 03:13:41
608,608,Iturama,-19.7281,-50.1956,75.69,38,90,4.03,BR,2022-05-02 03:13:41
609,609,Nargana,9.4428,-78.5906,78.04,91,100,9.22,PA,2022-05-02 03:13:42
610,610,Novobataysk,46.8981,39.7819,46.81,61,100,7.47,RU,2022-05-02 03:13:42
611,611,Soria,41.6667,-2.6667,43.11,100,79,4.07,ES,2022-05-02 03:13:43
612,612,Severo-Yeniseyskiy,60.3725,93.0408,30.51,74,100,13.22,RU,2022-05-02 03:13:43
613,613,Swinoujscie,53.9105,14.2471,47.34,68,53,3.6,PL,2022-05-02 03:13:43
614,614,Sampit,-2.5333,112.95,89.73,60,92,3.36,ID,2022-05-02 03:13:44
615,615,Astakos,38.5356,21.0814,58.35,79,100,7.38,GR,2022-05-02 03:13:44
616,616,Adana,36.985,35.2881,66.22,88,75,2.3,TR,2022-05-02 03:13:45
617,617,Sonoita,31.85,-112.8333,74.86,19,0,13.62,MX,2022-05-02 03:13:45
618,618,The Valley,18.217,-63.0578,79.11,81,100,20.58,AI,2022-05-02 03:09:50
619,619,Rocha,-34.4833,-54.3333,55.47,61,99,8.75,UY,2022-05-02 03:13:46
620,620,Loralai,30.3705,68.598,81.64,12,73,2.89,PK,2022-05-02 03:13:46
621,621,Gornopravdinsk,60.05,69.9,40.69,59,97,6.78,RU,2022-05-02 03:13:47
622,622,Magdagachi,53.45,125.8,44.76,39,100,5.55,RU,2022-05-02 03:13:47
623,623,Bajos De Haina,18.4154,-70.0332,76.32,88,75,0.0,DO,2022-05-02 03:13:48
624,624,Alice Springs,-23.7,133.8833,72.95,35,15,11.5,AU,2022-05-02 03:12:41
625,625,Troitskoye,52.9821,84.6757,63.05,47,100,5.55,RU,2022-05-02 03:13:48
626,626,Reyes,-14.3167,-67.3833,73.22,78,4,1.77,BO,2022-05-02 03:13:48
627,627,Bujaru,-1.515,-48.0447,73.62,99,100,0.87,BR,2022-05-02 03:13:49
628,628,Rock Sound,24.9,-76.2,76.33,72,13,22.41,BS,2022-05-02 03:13:41
629,629,Plettenberg Bay,-34.0527,23.3716,58.1,77,3,5.37,ZA,2022-05-02 03:13:50
630,630,Khargapur,24.823,79.144,99.68,15,24,13.31,IN,2022-05-02 03:13:50
631,631,Korosladany,46.9667,21.0833,50.99,84,96,4.59,HU,2022-05-02 03:13:50
632,632,Tautira,-17.7333,-149.15,79.81,72,92,6.17,PF,2022-05-02 03:13:51
633,633,Bud,39.447,-86.1758,57.22,72,13,5.23,US,2022-05-02 03:12:32
634,634,Tarakan,3.3,117.6333,83.7,84,40,3.44,ID,2022-05-02 03:13:51
635,635,Taungdwingyi,20.0167,95.55,92.82,43,15,7.02,MM,2022-05-02 03:13:52
636,636,Mityana,0.4175,32.0228,61.5,98,100,1.41,UG,2022-05-02 03:09:23
637,637,Luena,-11.7833,19.9167,53.29,78,1,4.52,AO,2022-05-02 03:13:53
638,638,Lichtenburg,-26.152,26.1597,50.68,72,0,2.06,ZA,2022-05-02 03:13:53
639,639,Nyurba,63.2842,118.3319,29.68,47,59,13.53,RU,2022-05-02 03:13:54
640,640,Ondangwa,-17.9167,15.95,66.63,46,30,9.6,,2022-05-02 03:13:54
641,641,Nsoko,-27.0333,31.95,56.3,79,0,3.58,SZ,2022-05-02 03:13:55
642,642,Parrita,9.5201,-84.3225,76.71,93,100,4.5,CR,2022-05-02 03:13:55
643,643,Sawakin,19.1059,37.3321,80.08,76,8,8.39,SD,2022-05-02 03:13:55
644,644,Marawi,7.9986,124.2928,82.13,67,80,3.13,PH,2022-05-02 03:13:29
645,645,Erdaojiang,41.7764,126.0319,52.88,35,34,5.68,CN,2022-05-02 03:13:56
646,646,Devils Lake,48.1128,-98.8651,37.94,84,40,14.97,US,2022-05-02 03:09:07
647,647,Khani,41.9563,42.9566,42.37,99,100,1.39,GE,2022-05-02 03:13:57
648,648,Waddan,29.1614,16.139,58.93,68,2,22.15,LY,2022-05-02 03:14:57
649,649,Kunashak,55.7032,61.5498,39.72,50,0,16.46,RU,2022-05-02 03:14:58
650,650,Abu Samrah,35.3029,37.1841,57.7,87,0,7.83,SY,2022-05-02 03:14:58
651,651,Portland,45.5234,-122.6762,62.55,65,75,4.61,US,2022-05-02 03:12:32
652,652,Nieuw Amsterdam,5.8833,-55.0833,79.02,87,21,8.63,SR,2022-05-02 03:14:58
653,653,Jiayuguan,39.8167,98.3,61.23,10,5,5.59,CN,2022-05-02 03:14:59
654,654,Zapolyarnyy,69.4154,30.8136,25.88,94,100,3.96,RU,2022-05-02 03:14:59
655,655,Egvekinot,66.3167,-179.1667,19.38,63,32,2.71,RU,2022-05-02 03:15:00
656,656,Changping,40.2186,116.2197,71.24,21,3,5.14,CN,2022-05-02 03:15:00
657,657,Samarai,-10.6167,150.6667,83.05,74,29,9.31,PG,2022-05-02 03:13:42
658,658,At-Bashi,41.1702,75.8106,56.43,33,40,3.6,KG,2022-05-02 03:15:01
659,659,Muskegon,43.3,-86.1334,48.02,86,100,12.66,US,2022-05-02 03:15:02
660,660,Mareeba,-17.0,145.4333,81.66,75,28,6.38,AU,2022-05-02 03:13:20
661,661,Kefamenanu,-9.4467,124.4781,85.73,52,96,10.25,ID,2022-05-02 03:15:03
662,662,Seguela,7.9611,-6.6731,72.86,88,66,3.31,CI,2022-05-02 03:15:03
663,663,Olinala,17.8333,-98.85,73.62,39,22,6.04,MX,2022-05-02 03:15:04
664,664,Nhulunbuy,-12.2333,136.7667,83.01,65,100,16.11,AU,2022-05-02 03:15:04
665,665,Novaya Zaimka,56.4857,66.9241,37.42,70,100,17.69,RU,2022-05-02 03:15:05
666,666,Nolinsk,57.5596,49.9363,37.02,77,86,7.54,RU,2022-05-02 03:15:05
667,667,Terrace,54.5163,-128.6035,45.81,93,100,2.24,CA,2022-05-02 03:15:06
668,668,Teya,60.3778,92.6267,33.78,76,100,11.95,RU,2022-05-02 03:15:06
669,669,Calape,9.8922,123.8748,87.78,71,88,7.43,PH,2022-05-02 03:15:07
670,670,Tahta,26.7693,31.5021,74.41,25,34,2.42,EG,2022-05-02 03:15:07
671,671,Mandal,25.45,74.5667,93.18,22,97,19.24,IN,2022-05-02 03:15:08
672,672,Marienburg,54.0359,19.0266,41.88,89,11,3.09,PL,2022-05-02 03:12:17
673,673,Sanmenxia,34.7747,111.1814,72.91,20,17,7.74,CN,2022-05-02 03:15:08
674,674,Katherine,-14.4667,132.2667,91.72,29,40,14.97,AU,2022-05-02 03:15:09
675,675,Gelibolu,40.4103,26.6708,53.46,88,70,12.03,TR,2022-05-02 03:15:09
676,676,Anamur,36.0751,32.8369,66.51,73,64,2.75,TR,2022-05-02 03:15:10
677,677,Yumen,40.2833,97.2,62.35,9,39,2.66,CN,2022-05-02 03:15:10
678,678,Conde,-7.2597,-34.9075,74.66,100,20,4.61,BR,2022-05-02 03:15:10
679,679,Mumford,5.2618,-0.759,80.69,83,100,8.03,GH,2022-05-02 03:15:09
680,680,Yarada,17.65,83.2667,89.92,66,40,10.36,IN,2022-05-02 03:15:11
681,681,Aksu,41.1231,80.2644,67.3,18,6,5.37,CN,2022-05-02 03:14:22
682,682,Nuuk,64.1835,-51.7216,29.01,86,75,8.05,GL,2022-05-02 03:15:12
683,683,Leh,34.1667,77.5833,47.17,31,0,1.03,IN,2022-05-02 03:13:07
684,684,Bethanien,-26.502,17.1583,56.01,20,0,6.04,,2022-05-02 03:15:12
685,685,Sao Joao Da Barra,-21.6403,-41.0511,74.07,85,3,10.96,BR,2022-05-02 03:15:13
686,686,Maba,24.6841,113.5984,67.5,63,100,6.6,CN,2022-05-02 03:15:14
687,687,Tarko-Sale,64.9225,77.785,28.2,81,82,6.06,RU,2022-05-02 03:15:14
688,688,Rey Bouba,8.6724,14.1786,81.01,61,100,3.49,CM,2022-05-02 03:15:15
689,689,Muravlenko,63.7898,74.523,27.97,78,96,1.34,RU,2022-05-02 03:15:15
690,690,Warrnambool,-38.3833,142.4833,66.81,61,100,11.59,AU,2022-05-02 03:15:16
691,691,Babu,24.4167,111.5167,69.15,61,94,6.11,CN,2022-05-02 03:15:16
692,692,Mbandaka,0.0487,18.2603,69.73,97,81,4.03,CD,2022-05-02 03:16:17
693,693,Luanda,-8.8368,13.2343,77.0,88,20,3.44,AO,2022-05-02 03:11:49
694,694,Troitsko-Pechorsk,62.7084,56.1964,29.75,90,100,6.67,RU,2022-05-02 03:16:17
695,695,Rangia,26.4667,91.6333,71.55,63,100,9.26,IN,2022-05-02 03:16:18
696,696,Huambo,-12.7761,15.7392,55.18,75,56,1.83,AO,2022-05-02 03:16:18
697,697,Kropotkin,45.4375,40.5756,47.66,96,100,15.35,RU,2022-05-02 03:16:18
698,698,Mildura,-34.2,142.15,71.08,45,0,6.91,AU,2022-05-02 03:16:19
699,699,Carmen,18.6333,-91.8333,82.72,79,13,17.49,MX,2022-05-02 03:16:19
700,700,Valdosta,30.8327,-83.2785,66.15,94,0,5.75,US,2022-05-02 03:16:20
701,701,Massa Marittima,43.049,10.8928,52.9,94,15,3.78,IT,2022-05-02 03:16:20
702,702,Garautha,25.5667,79.3,99.68,14,3,8.93,IN,2022-05-02 03:16:21
703,703,Bereda,43.2686,-7.5406,52.41,100,99,2.59,ES,2022-05-02 03:11:29
704,704,Okahandja,-21.9833,16.9167,57.56,46,0,7.67,,2022-05-02 03:16:22
705,705,Jijiga,9.35,42.8,62.46,91,83,7.31,ET,2022-05-02 03:16:22
706,706,Pathein,16.7833,94.7333,93.47,44,16,10.63,MM,2022-05-02 03:16:23
707,707,Jumla,29.2747,82.1838,62.08,56,86,4.5,NP,2022-05-02 03:16:23
708,708,Fairbanks,64.8378,-147.7164,53.56,35,20,6.91,US,2022-05-02 03:15:50
709,709,Kodinsk,58.6881,99.1844,35.49,76,100,11.86,RU,2022-05-02 03:16:24
710,710,Biak,-0.9131,122.8766,84.33,69,11,6.17,ID,2022-05-02 03:16:24
711,711,Garwa,24.1833,83.8167,94.8,22,45,1.25,IN,2022-05-02 03:16:24
712,712,Kavaratti,10.5669,72.642,85.15,67,100,10.85,IN,2022-05-02 03:13:42
713,713,Tamiahua,21.2667,-97.45,78.76,94,97,9.33,MX,2022-05-02 03:14:42
714,714,Rio Gallegos,-51.6226,-69.2181,33.85,100,0,8.05,AR,2022-05-02 03:16:25
715,715,Barcelos,41.5388,-8.6151,54.84,91,86,1.03,PT,2022-05-02 03:14:41
716,716,Souris,49.6172,-100.2612,39.06,78,100,10.96,CA,2022-05-02 03:16:26
717,717,Serra Talhada,-7.9919,-38.2983,71.76,82,82,7.9,BR,2022-05-02 03:16:26
718,718,Shenjiamen,29.9576,122.298,61.05,74,100,8.55,CN,2022-05-02 03:16:26
719,719,Safford,32.834,-109.7076,79.72,8,0,10.36,US,2022-05-02 03:13:34
